<manifest><control namespace="DATETIMECONTROL" constructor="CurrentDatePCF" version="4.0.0" display-name-key="CurrentDateTIMEPCF" description-key="DateTime PCF description use for current date/time" control-type="standard" api-version="1.2.3"><type-group name="datetime"><type>DateAndTime.DateOnly</type><type>DateAndTime.DateAndTime</type></type-group><property name="CurrentDate" display-name-key="CurrentDate" description-key="Current Date field" of-type-group="datetime" usage="bound" required="true" /><resources><code path="bundle.js" order="1" /><css path="DateTimeControl/css/DateTimeControl.css" order="1" /></resources><built-by name="pac" version="1.5.5" /></control></manifest>